{
  "770619805576593429": {
    "prefix": ";",
    "money": 100,
    "quadrante": "b9a",
    "planeta": "none",
    "status": "none",
    "inside": true,
    "energia": [100, 80],
    "combustivel": [100, 33],
    "oxigenio": [100, 80],
    "carbono": [100, 20],
    "agua": [100, 50],
    "fragmentos": {
      "detritos": 0,
      "litio": 0,
      "carbono": 0,
      "aluminio": 0,
      "titanio": 0,
      "ferro": 0,
      "cobalto": 0,
      "niobio": 0,
      "paladio": 0,
      "prata": 0,
      "cesio": 0,
      "tungstênio": 0,
      "platina": 0,
      "ouro": 0,
      "chumbo": 0,
      "uranio": 0
    },
    "fome": 100,
    "sede": 99,
    "sono": 99,
    "hp": 100,
    "nave": {
      "nome": "Cápsula inicial",
      "cat": "nave",
      "lvl": 1,
      "valor": 10000,
      "atkMax": 20,
      "defMax": 20,
      "hp": 1000,
      "energiaMax": 100,
      "combustivelMax": 100,
      "oxigenioMax": 100,
      "carbonoMax": 100,
      "aguaMax": 100,
      "canhao": {
        "nome": "propulsor de fragmentos",
        "cat": "canhao",
        "lvl": 1,
        "valor": 500,
        "att": 50,
        "dur": 100
      },
      "escudo": {
        "nome": "chapa de metal",
        "cat": "escudo",
        "lvl": 1,
        "valor": 50,
        "att": 20,
        "dur": 100
      },
      "motor": {
        "nome": "propulsor pequeno de combustivel sólido",
        "cat": "motor",
        "lvl": 1,
        "valor": 2000,
        "att": 2,
        "dur": 100
      },
      "gerador": {
        "nome": "solar de baixa eficiência",
        "cat": "gerador",
        "lvl": 1,
        "valor": 2000,
        "att": 100,
        "dur": 100
      },
      "catalisador": {
        "nome": "biológico",
        "cat": "catalisador",
        "lvl": 1,
        "valor": 2000,
        "att": 100,
        "dur": 100
      },
      "extrator": {
        "nome": "coletor espacial de broca",
        "cat": "extrator",
        "lvl": 1,
        "valor": 10000,
        "att": 100,
        "dur": 100
      }
    },
    "traje": {
      "nome": "Traje espacial básico",
      "cat": "traje",
      "lvl": 1,
      "valor": 5000,
      "atkMax": 20,
      "defMax": 20,
      "energiaMax": 20,
      "oxigenioMax": 20,
      "arma": {
        "nome": "arma de fragmentos",
        "cat": "arma",
        "lvl": 1,
        "valor": 1000,
        "att": 5,
        "dur": 100
      },
      "defesa": {
        "nome": "Escudo de metal",
        "cat": "defesa",
        "lvl": 1,
        "valor": 50,
        "att": 5,
        "dur": 100
      }
    },
    "inventario": [
      {
        "nome": "Ração espacial 🥫",
        "cat": "consumivel",
        "valor": 30,
        "fome": 25,
        "sede": 5,
        "sono": 0,
        "hp": 0
      },
      {
        "nome": "Kit de primeiros socorros 💊",
        "cat": "consumivel",
        "valor": 100,
        "fome": 0,
        "sede": 0,
        "sono": 10,
        "hp": 100
      }
    ],
    "explorando": false,
    "tempo": 0
  }
}
