{"770619805576593429":{"prefix":";","money":232,"x":0,"y":0,"z":0,"planeta":"none","status":"none","inside":true,"energia":[100,78],"combustivel":[100,80],"oxigenio":[100,77],"carbono":[100,21],"agua":[100,100],"fragmentos":{"detritos":0,"litio":0,"carbono":0,"aluminio":0,"titanio":0,"ferro":0,"cobalto":0,"niobio":0,"paladio":0,"prata":0,"cesio":0,"tungstênio":0,"platina":0,"ouro":0,"chumbo":0,"uranio":0},"fome":98,"sede":100,"sono":98,"hp":100,"nave":{"nome":"Cápsula inicial","cat":"nave","lvl":1,"valor":10000,"atkMax":20,"defMax":20,"hp":1000,"energiaMax":100,"combustivelMax":100,"oxigenioMax":100,"carbonoMax":100,"aguaMax":100,"canhao":{"nome":"propulsor de fragmentos","cat":"canhao","lvl":1,"valor":500,"att":50,"dur":100},"escudo":{"nome":"chapa de metal","cat":"escudo","lvl":1,"valor":50,"att":20,"dur":100},"motor":{"nome":"pequeno de combustivel sólido","cat":"motor","lvl":1,"valor":2000,"att":60,"dur":100},"gerador":{"nome":"solar de baixa eficiência","cat":"gerador","lvl":1,"valor":2000,"att":100,"dur":100},"catalisador":{"nome":"biológico","cat":"catalisador","lvl":1,"valor":200,"att":100,"dur":100},"extrator":{"nome":"de broca","cat":"extrator","lvl":1,"valor":500,"att":100,"dur":100}},"traje":{"nome":"Traje espacial básico","cat":"traje","lvl":1,"valor":2500,"atkMax":20,"defMax":20,"energiaMax":20,"oxigenioMax":20,"arma":{"nome":"pistola de energia","cat":"arma","lvl":1,"valor":1000,"att":5,"dur":100},"defesa":{"nome":"Escudo de metal","cat":"defesa","lvl":1,"valor":50,"att":5,"dur":100}},"inventario":[{"nome":"Cápsula pequena","cat":"nave","lvl":1,"valor":14000,"atkMax":30,"defMax":15,"hp":1000,"dur":100,"energiaMax":180,"combustivelMax":180,"oxigenioMax":180,"carbonoMax":180,"aguaMax":180,"canhao":{},"escudo":{},"motor":{},"gerador":{},"catalisador":{},"extrator":{}},{"nome":"acelerador gravitacional","cat":"gerador","lvl":1,"valor":25000,"att":300,"dur":100},{"nome":"Ração espacial 🥫","cat":"consumivel","valor":30,"fome":30,"sede":5,"sono":0,"hp":0}],"explorando":false,"tempo":0},"339417791373377536":{"prefix":";","money":130,"x":0,"y":0,"z":0,"planeta":"none","status":"none","inside":true,"energia":[100,77],"combustivel":[100,80],"oxigenio":[100,79],"carbono":[100,20],"agua":[100,49],"fragmentos":{"detritos":0,"litio":0,"carbono":0,"aluminio":0,"titanio":0,"ferro":0,"cobalto":0,"niobio":0,"paladio":0,"prata":0,"cesio":0,"tungstênio":0,"platina":0,"ouro":0,"chumbo":0,"uranio":0},"fome":99,"sede":97,"sono":100,"hp":100,"nave":{"nome":"Cápsula inicial","cat":"nave","lvl":1,"valor":10000,"atkMax":20,"defMax":20,"hp":1000,"energiaMax":100,"combustivelMax":100,"oxigenioMax":100,"carbonoMax":100,"aguaMax":100,"canhao":{"nome":"propulsor de fragmentos","cat":"canhao","lvl":1,"valor":500,"att":50,"dur":100},"escudo":{"nome":"chapa de metal","cat":"escudo","lvl":1,"valor":50,"att":20,"dur":100},"motor":{"nome":"pequeno de combustivel sólido","cat":"motor","lvl":1,"valor":2000,"att":60,"dur":100},"gerador":{"nome":"solar de baixa eficiência","cat":"gerador","lvl":1,"valor":2000,"att":100,"dur":100},"catalisador":{"nome":"biológico","cat":"catalisador","lvl":1,"valor":200,"att":100,"dur":100},"extrator":{"nome":"de broca","cat":"extrator","lvl":1,"valor":500,"att":100,"dur":100}},"traje":{"nome":"Traje espacial básico","cat":"traje","lvl":1,"valor":2500,"atkMax":20,"defMax":20,"energiaMax":20,"oxigenioMax":20,"arma":{"nome":"pistola de energia","cat":"arma","lvl":1,"valor":1000,"att":5,"dur":100},"defesa":{"nome":"Escudo de metal","cat":"defesa","lvl":1,"valor":50,"att":5,"dur":100}},"inventario":[],"explorando":false,"tempo":0},"322461694280466432":{"prefix":";","money":1,"x":0,"y":0,"z":0,"planeta":"none","status":"none","inside":true,"energia":[100,80],"combustivel":[100,80],"oxigenio":[100,80],"carbono":[100,20],"agua":[100,50],"fragmentos":{"detritos":0,"litio":0,"carbono":0,"aluminio":0,"titanio":0,"ferro":0,"cobalto":0,"niobio":0,"paladio":0,"prata":0,"cesio":0,"tungstênio":0,"platina":0,"ouro":0,"chumbo":0,"uranio":0},"fome":100,"sede":100,"sono":100,"hp":100,"nave":{"nome":"Cápsula inicial","cat":"nave","lvl":1,"valor":10000,"atkMax":20,"defMax":20,"hp":1000,"energiaMax":100,"combustivelMax":100,"oxigenioMax":100,"carbonoMax":100,"aguaMax":100,"canhao":{"nome":"propulsor de fragmentos","cat":"canhao","lvl":1,"valor":500,"att":50,"dur":100},"escudo":{"nome":"chapa de metal","cat":"escudo","lvl":1,"valor":50,"att":20,"dur":100},"motor":{"nome":"propulsor pequeno de combustivel sólido","cat":"motor","lvl":1,"valor":2000,"att":2,"dur":100},"gerador":{"nome":"solar de baixa eficiência","cat":"gerador","lvl":1,"valor":2000,"att":100,"dur":100},"catalisador":{"nome":"biológico","cat":"catalisador","lvl":1,"valor":200,"att":100,"dur":100},"extrator":{"nome":"de broca","cat":"extrator","lvl":1,"valor":500,"att":100,"dur":100}},"traje":{"nome":"Traje espacial básico","cat":"traje","lvl":1,"valor":2500,"atkMax":20,"defMax":20,"energiaMax":20,"oxigenioMax":20,"arma":{"nome":"pistola de energia","cat":"arma","lvl":1,"valor":1000,"att":5,"dur":100},"defesa":{"nome":"Escudo de metal","cat":"defesa","lvl":1,"valor":50,"att":5,"dur":100}},"inventario":[],"explorando":false,"tempo":0},"452213608886304773":{"prefix":";","money":874,"x":0,"y":0,"z":0,"planeta":"none","status":"none","inside":true,"energia":[100,76],"combustivel":[100,80],"oxigenio":[100,79],"carbono":[100,21],"agua":[100,48],"fragmentos":{"detritos":0,"litio":0,"carbono":0,"aluminio":0,"titanio":0,"ferro":0,"cobalto":0,"niobio":0,"paladio":0,"prata":0,"cesio":0,"tungstênio":0,"platina":0,"ouro":0,"chumbo":0,"uranio":0},"fome":98,"sede":98,"sono":98,"hp":100,"nave":{"nome":"Cápsula inicial","cat":"nave","lvl":1,"valor":10000,"atkMax":20,"defMax":20,"hp":1000,"energiaMax":100,"combustivelMax":100,"oxigenioMax":100,"carbonoMax":100,"aguaMax":100,"canhao":{"nome":"propulsor de fragmentos","cat":"canhao","lvl":1,"valor":500,"att":50,"dur":100},"escudo":{"nome":"chapa de metal","cat":"escudo","lvl":1,"valor":50,"att":20,"dur":100},"motor":{"nome":"propulsor pequeno de combustivel sólido","cat":"motor","lvl":1,"valor":2000,"att":2,"dur":100},"gerador":{"nome":"solar de baixa eficiência","cat":"gerador","lvl":1,"valor":2000,"att":100,"dur":100},"catalisador":{"nome":"biológico","cat":"catalisador","lvl":1,"valor":200,"att":100,"dur":100},"extrator":{"nome":"de broca","cat":"extrator","lvl":1,"valor":500,"att":100,"dur":100}},"traje":{"nome":"Traje espacial básico","cat":"traje","lvl":1,"valor":2500,"atkMax":20,"defMax":20,"energiaMax":20,"oxigenioMax":20,"arma":{"nome":"pistola de energia","cat":"arma","lvl":1,"valor":1000,"att":5,"dur":100},"defesa":{"nome":"Escudo de metal","cat":"defesa","lvl":1,"valor":50,"att":5,"dur":100}},"inventario":[],"explorando":false,"tempo":0},"722965327356493884":{"prefix":";","money":100,"x":0,"y":0,"z":0,"planeta":"none","status":"none","inside":true,"energia":[100,80],"combustivel":[100,80],"oxigenio":[100,80],"carbono":[100,20],"agua":[100,50],"fragmentos":{"detritos":0,"litio":0,"carbono":0,"aluminio":0,"titanio":0,"ferro":0,"cobalto":0,"niobio":0,"paladio":0,"prata":0,"cesio":0,"tungstênio":0,"platina":0,"ouro":0,"chumbo":0,"uranio":0},"fome":100,"sede":100,"sono":100,"hp":100,"nave":{"nome":"Cápsula inicial","cat":"nave","lvl":1,"valor":10000,"atkMax":20,"defMax":20,"hp":1000,"energiaMax":100,"combustivelMax":100,"oxigenioMax":100,"carbonoMax":100,"aguaMax":100,"canhao":{"nome":"propulsor de fragmentos","cat":"canhao","lvl":1,"valor":500,"att":50,"dur":100},"escudo":{"nome":"chapa de metal","cat":"escudo","lvl":1,"valor":50,"att":20,"dur":100},"motor":{"nome":"propulsor pequeno de combustivel sólido","cat":"motor","lvl":1,"valor":2000,"att":2,"dur":100},"gerador":{"nome":"solar de baixa eficiência","cat":"gerador","lvl":1,"valor":2000,"att":100,"dur":100},"catalisador":{"nome":"biológico","cat":"catalisador","lvl":1,"valor":2000,"att":100,"dur":100},"extrator":{"nome":"de broca","cat":"extrator","lvl":1,"valor":500,"att":100,"dur":100}},"traje":{"nome":"Traje espacial básico","cat":"traje","lvl":1,"valor":2500,"atkMax":20,"defMax":20,"energiaMax":20,"oxigenioMax":20,"arma":{"nome":"pistola de energia","cat":"arma","lvl":1,"valor":1000,"att":5,"dur":100},"defesa":{"nome":"Escudo de metal","cat":"defesa","lvl":1,"valor":50,"att":5,"dur":100}},"inventario":[],"explorando":false,"tempo":0}}