{"770619805576593429":{"prefix":";","money":52,"quadrante":"a4f","planeta":"none","status":"none","inside":true,"energia":[100,80],"combustivel":[100,52],"oxigenio":[100,79],"carbono":[100,21],"agua":[100,46],"fragmentos":{"detritos":0,"litio":0,"carbono":0,"aluminio":0,"titanio":0,"ferro":0,"cobalto":0,"niobio":0,"paladio":0,"prata":0,"cesio":0,"tungstênio":0,"platina":0,"ouro":0,"chumbo":0,"uranio":0},"fome":99,"sede":99,"sono":93,"hp":100,"nave":{"nome":"Cápsula inicial","cat":"nave","lvl":1,"valor":10000,"atkMax":20,"defMax":20,"hp":1000,"energiaMax":100,"combustivelMax":100,"oxigenioMax":100,"carbonoMax":100,"aguaMax":100,"canhao":{"nome":"propulsor de fragmentos","cat":"canhao","lvl":1,"valor":500,"att":50,"dur":100},"escudo":{"nome":"chapa de metal","cat":"escudo","lvl":1,"valor":50,"att":20,"dur":100},"motor":{"nome":"propulsor pequeno de combustivel sólido","cat":"motor","lvl":1,"valor":2000,"att":2,"dur":100},"gerador":{"nome":"solar de baixa eficiência","cat":"gerador","lvl":1,"valor":2000,"att":100,"dur":100},"catalisador":{"nome":"biológico","cat":"catalisador","lvl":1,"valor":2000,"att":100,"dur":100},"extrator":{"nome":"coletor espacial de broca","cat":"extrator","lvl":1,"valor":10000,"att":100,"dur":100}},"traje":{"nome":"Traje espacial básico","cat":"traje","lvl":1,"valor":5000,"atkMax":20,"defMax":20,"energiaMax":20,"oxigenioMax":20,"arma":{"nome":"arma de fragmentos","cat":"arma","lvl":1,"valor":1000,"att":5,"dur":100},"defesa":{"nome":"Escudo de metal","cat":"defesa","lvl":1,"valor":50,"att":5,"dur":100}},"inventario":[{"nome":"Ração espacial 🥫","cat":"consumivel","valor":30,"fome":25,"sede":5,"sono":0,"hp":0},{"nome":"Kit de primeiros socorros 💊","cat":"consumivel","valor":100,"fome":0,"sede":0,"sono":10,"hp":100}],"explorando":false,"tempo":0},"722965327356493884":{"prefix":";","money":0,"quadrante":"ac5","planeta":"none","status":"none","inside":true,"energia":[100,80],"combustivel":[100,80],"oxigenio":[100,79],"carbono":[100,21],"agua":[100,50],"fragmentos":{"detritos":0,"litio":0,"carbono":0,"aluminio":0,"titanio":0,"ferro":0,"cobalto":0,"niobio":0,"paladio":0,"prata":0,"cesio":0,"tungstênio":0,"platina":0,"ouro":0,"chumbo":0,"uranio":0},"fome":97,"sede":99,"sono":99,"hp":100,"nave":{"nome":"Cápsula inicial","cat":"nave","lvl":1,"valor":10000,"atkMax":20,"defMax":20,"hp":1000,"energiaMax":100,"combustivelMax":100,"oxigenioMax":100,"carbonoMax":100,"aguaMax":100,"canhao":{"nome":"propulsor de fragmentos","cat":"canhao","lvl":1,"valor":500,"att":50,"dur":100},"escudo":{"nome":"chapa de metal","cat":"escudo","lvl":1,"valor":50,"att":20,"dur":100},"motor":{"nome":"propulsor pequeno de combustivel sólido","cat":"motor","lvl":1,"valor":2000,"att":2,"dur":100},"gerador":{"nome":"solar de baixa eficiência","cat":"gerador","lvl":1,"valor":2000,"att":100,"dur":100},"catalisador":{"nome":"biológico","cat":"catalisador","lvl":1,"valor":2000,"att":100,"dur":100},"extrator":{"nome":"coletor espacial de broca","cat":"extrator","lvl":1,"valor":10000,"att":100,"dur":100}},"traje":{"nome":"Traje espacial básico","cat":"traje","lvl":1,"valor":5000,"atkMax":20,"defMax":20,"energiaMax":20,"oxigenioMax":20,"arma":{"nome":"arma de fragmentos","cat":"arma","lvl":1,"valor":1000,"att":5,"dur":100},"defesa":{"nome":"Escudo de metal","cat":"defesa","lvl":1,"valor":50,"att":5,"dur":100}},"inventario":[{"nome":"Ração espacial 🥫","cat":"consumivel","valor":30,"fome":25,"sede":5,"sono":0,"hp":0},{"nome":"Kit de primeiros socorros 💊","cat":"consumivel","valor":100,"fome":0,"sede":0,"sono":10,"hp":100}],"explorando":false,"tempo":0},"322461694280466432":{"prefix":";","money":25,"quadrante":"d79","planeta":"none","status":"none","inside":true,"energia":[100,78],"combustivel":[100,80],"oxigenio":[100,78],"carbono":[100,22],"agua":[100,49],"fragmentos":{"detritos":0,"litio":0,"carbono":0,"aluminio":0,"titanio":0,"ferro":0,"cobalto":0,"niobio":0,"paladio":0,"prata":0,"cesio":0,"tungstênio":0,"platina":0,"ouro":0,"chumbo":0,"uranio":0},"fome":98,"sede":98,"sono":99,"hp":100,"nave":{"nome":"Cápsula inicial","cat":"nave","lvl":1,"valor":10000,"atkMax":20,"defMax":20,"hp":1000,"energiaMax":100,"combustivelMax":100,"oxigenioMax":100,"carbonoMax":100,"aguaMax":100,"canhao":{"nome":"propulsor de fragmentos","cat":"canhao","lvl":1,"valor":500,"att":50,"dur":100},"escudo":{"nome":"chapa de metal","cat":"escudo","lvl":1,"valor":50,"att":20,"dur":100},"motor":{"nome":"propulsor pequeno de combustivel sólido","cat":"motor","lvl":1,"valor":2000,"att":2,"dur":100},"gerador":{"nome":"solar de baixa eficiência","cat":"gerador","lvl":1,"valor":2000,"att":100,"dur":100},"catalisador":{"nome":"biológico","cat":"catalisador","lvl":1,"valor":2000,"att":100,"dur":100},"extrator":{"nome":"coletor espacial de broca","cat":"extrator","lvl":1,"valor":10000,"att":100,"dur":100}},"traje":{"nome":"Traje espacial básico","cat":"traje","lvl":1,"valor":5000,"atkMax":20,"defMax":20,"energiaMax":20,"oxigenioMax":20,"arma":{"nome":"arma de fragmentos","cat":"arma","lvl":1,"valor":1000,"att":5,"dur":100},"defesa":{"nome":"Escudo de metal","cat":"defesa","lvl":1,"valor":50,"att":5,"dur":100}},"inventario":[{"nome":"Ração espacial 🥫","cat":"consumivel","valor":30,"fome":25,"sede":5,"sono":0,"hp":0},{"nome":"Kit de primeiros socorros 💊","cat":"consumivel","valor":100,"fome":0,"sede":0,"sono":10,"hp":100}],"explorando":false,"tempo":0},"339417791373377536":{"prefix":";","money":198,"quadrante":"bf2","planeta":"none","status":"none","inside":true,"energia":[100,75],"combustivel":[100,80],"oxigenio":[100,77],"carbono":[100,23],"agua":[100,48],"fragmentos":{"detritos":0,"litio":0,"carbono":0,"aluminio":0,"titanio":0,"ferro":0,"cobalto":0,"niobio":0,"paladio":0,"prata":0,"cesio":0,"tungstênio":0,"platina":0,"ouro":0,"chumbo":0,"uranio":0},"fome":95,"sede":95,"sono":98,"hp":100,"nave":{"nome":"Cápsula inicial","cat":"nave","lvl":1,"valor":10000,"atkMax":20,"defMax":20,"hp":1000,"energiaMax":100,"combustivelMax":100,"oxigenioMax":100,"carbonoMax":100,"aguaMax":100,"canhao":{"nome":"propulsor de fragmentos","cat":"canhao","lvl":1,"valor":500,"att":50,"dur":100},"escudo":{"nome":"chapa de metal","cat":"escudo","lvl":1,"valor":50,"att":20,"dur":100},"motor":{"nome":"propulsor pequeno de combustivel sólido","cat":"motor","lvl":1,"valor":2000,"att":2,"dur":100},"gerador":{"nome":"solar de baixa eficiência","cat":"gerador","lvl":1,"valor":2000,"att":100,"dur":100},"catalisador":{"nome":"biológico","cat":"catalisador","lvl":1,"valor":2000,"att":100,"dur":100},"extrator":{"nome":"coletor espacial de broca","cat":"extrator","lvl":1,"valor":10000,"att":100,"dur":100}},"traje":{"nome":"Traje espacial básico","cat":"traje","lvl":1,"valor":5000,"atkMax":20,"defMax":20,"energiaMax":20,"oxigenioMax":20,"arma":{"nome":"arma de fragmentos","cat":"arma","lvl":1,"valor":1000,"att":5,"dur":100},"defesa":{"nome":"Escudo de metal","cat":"defesa","lvl":1,"valor":50,"att":5,"dur":100}},"inventario":[{"nome":"Ração espacial 🥫","cat":"consumivel","valor":30,"fome":25,"sede":5,"sono":0,"hp":0},{"nome":"Kit de primeiros socorros 💊","cat":"consumivel","valor":100,"fome":0,"sede":0,"sono":10,"hp":100}],"explorando":false,"tempo":0},"690725962832150619":{"prefix":";","money":224,"quadrante":"88b","planeta":"none","status":"none","inside":true,"energia":[100,79],"combustivel":[100,80],"oxigenio":[100,80],"carbono":[100,20],"agua":[100,50],"fragmentos":{"detritos":0,"litio":0,"carbono":0,"aluminio":0,"titanio":0,"ferro":0,"cobalto":0,"niobio":0,"paladio":0,"prata":0,"cesio":0,"tungstênio":0,"platina":0,"ouro":0,"chumbo":0,"uranio":0},"fome":100,"sede":100,"sono":100,"hp":100,"nave":{"nome":"Cápsula inicial","cat":"nave","lvl":1,"valor":10000,"atkMax":20,"defMax":20,"hp":1000,"energiaMax":100,"combustivelMax":100,"oxigenioMax":100,"carbonoMax":100,"aguaMax":100,"canhao":{"nome":"propulsor de fragmentos","cat":"canhao","lvl":1,"valor":500,"att":50,"dur":100},"escudo":{"nome":"chapa de metal","cat":"escudo","lvl":1,"valor":50,"att":20,"dur":100},"motor":{"nome":"propulsor pequeno de combustivel sólido","cat":"motor","lvl":1,"valor":2000,"att":2,"dur":100},"gerador":{"nome":"solar de baixa eficiência","cat":"gerador","lvl":1,"valor":2000,"att":100,"dur":100},"catalisador":{"nome":"biológico","cat":"catalisador","lvl":1,"valor":2000,"att":100,"dur":100},"extrator":{"nome":"coletor espacial de broca","cat":"extrator","lvl":1,"valor":10000,"att":100,"dur":100}},"traje":{"nome":"Traje espacial básico","cat":"traje","lvl":1,"valor":5000,"atkMax":20,"defMax":20,"energiaMax":20,"oxigenioMax":20,"arma":{"nome":"arma de fragmentos","cat":"arma","lvl":1,"valor":1000,"att":5,"dur":100},"defesa":{"nome":"Escudo de metal","cat":"defesa","lvl":1,"valor":50,"att":5,"dur":100}},"inventario":[{"nome":"Ração espacial 🥫","cat":"consumivel","valor":30,"fome":25,"sede":5,"sono":0,"hp":0},{"nome":"Kit de primeiros socorros 💊","cat":"consumivel","valor":100,"fome":0,"sede":0,"sono":10,"hp":100}],"explorando":false,"tempo":0},"514424781664288769":{"prefix":";","money":200,"quadrante":"f61","planeta":"none","status":"none","inside":true,"energia":[100,78],"combustivel":[100,80],"oxigenio":[100,79],"carbono":[100,21],"agua":[100,50],"fragmentos":{"detritos":0,"litio":0,"carbono":0,"aluminio":0,"titanio":0,"ferro":0,"cobalto":0,"niobio":0,"paladio":0,"prata":0,"cesio":0,"tungstênio":0,"platina":0,"ouro":0,"chumbo":0,"uranio":0},"fome":100,"sede":100,"sono":100,"hp":100,"nave":{"nome":"Cápsula inicial","cat":"nave","lvl":1,"valor":10000,"atkMax":20,"defMax":20,"hp":1000,"energiaMax":100,"combustivelMax":100,"oxigenioMax":100,"carbonoMax":100,"aguaMax":100,"canhao":{"nome":"propulsor de fragmentos","cat":"canhao","lvl":1,"valor":500,"att":50,"dur":100},"escudo":{"nome":"chapa de metal","cat":"escudo","lvl":1,"valor":50,"att":20,"dur":100},"motor":{"nome":"propulsor pequeno de combustivel sólido","cat":"motor","lvl":1,"valor":2000,"att":2,"dur":100},"gerador":{"nome":"solar de baixa eficiência","cat":"gerador","lvl":1,"valor":2000,"att":100,"dur":100},"catalisador":{"nome":"biológico","cat":"catalisador","lvl":1,"valor":2000,"att":100,"dur":100},"extrator":{"nome":"coletor espacial de broca","cat":"extrator","lvl":1,"valor":10000,"att":100,"dur":100}},"traje":{"nome":"Traje espacial básico","cat":"traje","lvl":1,"valor":5000,"atkMax":20,"defMax":20,"energiaMax":20,"oxigenioMax":20,"arma":{"nome":"arma de fragmentos","cat":"arma","lvl":1,"valor":1000,"att":5,"dur":100},"defesa":{"nome":"Escudo de metal","cat":"defesa","lvl":1,"valor":50,"att":5,"dur":100}},"inventario":[{"nome":"Ração espacial 🥫","cat":"consumivel","valor":30,"fome":25,"sede":5,"sono":0,"hp":0},{"nome":"Kit de primeiros socorros 💊","cat":"consumivel","valor":100,"fome":0,"sede":0,"sono":10,"hp":100}],"explorando":false,"tempo":0},"519865999785459743":{"prefix":";","money":0,"quadrante":"b13","planeta":"none","status":"none","inside":true,"energia":[100,79],"combustivel":[100,80],"oxigenio":[100,80],"carbono":[100,20],"agua":[100,50],"fragmentos":{"detritos":0,"litio":0,"carbono":0,"aluminio":0,"titanio":0,"ferro":0,"cobalto":0,"niobio":0,"paladio":0,"prata":0,"cesio":0,"tungstênio":0,"platina":0,"ouro":0,"chumbo":0,"uranio":0},"fome":99,"sede":99,"sono":100,"hp":100,"nave":{"nome":"Cápsula inicial","cat":"nave","lvl":1,"valor":10000,"atkMax":20,"defMax":20,"hp":1000,"energiaMax":100,"combustivelMax":100,"oxigenioMax":100,"carbonoMax":100,"aguaMax":100,"canhao":{"nome":"propulsor de fragmentos","cat":"canhao","lvl":1,"valor":500,"att":50,"dur":100},"escudo":{"nome":"chapa de metal","cat":"escudo","lvl":1,"valor":50,"att":20,"dur":100},"motor":{"nome":"propulsor pequeno de combustivel sólido","cat":"motor","lvl":1,"valor":2000,"att":2,"dur":100},"gerador":{"nome":"solar de baixa eficiência","cat":"gerador","lvl":1,"valor":2000,"att":100,"dur":100},"catalisador":{"nome":"biológico","cat":"catalisador","lvl":1,"valor":2000,"att":100,"dur":100},"extrator":{"nome":"coletor espacial de broca","cat":"extrator","lvl":1,"valor":10000,"att":100,"dur":100}},"traje":{"nome":"Traje espacial básico","cat":"traje","lvl":1,"valor":5000,"atkMax":20,"defMax":20,"energiaMax":20,"oxigenioMax":20,"arma":{"nome":"arma de fragmentos","cat":"arma","lvl":1,"valor":1000,"att":5,"dur":100},"defesa":{"nome":"Escudo de metal","cat":"defesa","lvl":1,"valor":50,"att":5,"dur":100}},"inventario":[{"nome":"Ração espacial 🥫","cat":"consumivel","valor":30,"fome":25,"sede":5,"sono":0,"hp":0},{"nome":"Kit de primeiros socorros 💊","cat":"consumivel","valor":100,"fome":0,"sede":0,"sono":10,"hp":100}],"explorando":false,"tempo":0},"452213608886304773":{"prefix":";","money":100,"quadrante":"32c","planeta":"none","status":"none","inside":true,"energia":[100,80],"combustivel":[100,80],"oxigenio":[100,80],"carbono":[100,20],"agua":[100,50],"fragmentos":{"detritos":0,"litio":0,"carbono":0,"aluminio":0,"titanio":0,"ferro":0,"cobalto":0,"niobio":0,"paladio":0,"prata":0,"cesio":0,"tungstênio":0,"platina":0,"ouro":0,"chumbo":0,"uranio":0},"fome":100,"sede":100,"sono":100,"hp":100,"nave":{"nome":"Cápsula inicial","cat":"nave","lvl":1,"valor":10000,"atkMax":20,"defMax":20,"hp":1000,"energiaMax":100,"combustivelMax":100,"oxigenioMax":100,"carbonoMax":100,"aguaMax":100,"canhao":{"nome":"propulsor de fragmentos","cat":"canhao","lvl":1,"valor":500,"att":50,"dur":100},"escudo":{"nome":"chapa de metal","cat":"escudo","lvl":1,"valor":50,"att":20,"dur":100},"motor":{"nome":"propulsor pequeno de combustivel sólido","cat":"motor","lvl":1,"valor":2000,"att":2,"dur":100},"gerador":{"nome":"solar de baixa eficiência","cat":"gerador","lvl":1,"valor":2000,"att":100,"dur":100},"catalisador":{"nome":"biológico","cat":"catalisador","lvl":1,"valor":2000,"att":100,"dur":100},"extrator":{"nome":"coletor espacial de broca","cat":"extrator","lvl":1,"valor":10000,"att":100,"dur":100}},"traje":{"nome":"Traje espacial básico","cat":"traje","lvl":1,"valor":5000,"atkMax":20,"defMax":20,"energiaMax":20,"oxigenioMax":20,"arma":{"nome":"arma de fragmentos","cat":"arma","lvl":1,"valor":1000,"att":5,"dur":100},"defesa":{"nome":"Escudo de metal","cat":"defesa","lvl":1,"valor":50,"att":5,"dur":100}},"inventario":[{"nome":"Ração espacial 🥫","cat":"consumivel","valor":30,"fome":25,"sede":5,"sono":0,"hp":0},{"nome":"Kit de primeiros socorros 💊","cat":"consumivel","valor":100,"fome":0,"sede":0,"sono":10,"hp":100}],"explorando":false,"tempo":0}}